,norm_song,norm_artist,albumCover,songNumber,KR_Song,KR_artist,ENG_Song,ENG_artist,score
0,magnetic,아일릿,https://is1-ssl.mzstatic.com/image/thumb/Music122/v4/3e/49/1e/3e491e43-4961-21ab-2abe-37fb1c0feb40/196922879227_Cover.jpg/600x600bb-60.jpg,1734500896,Magnetic,아일릿,Magnetic,ILLIT,11808.0
1,spot,지코,https://is1-ssl.mzstatic.com/image/thumb/Music211/v4/2e/2c/9c/2e2c9cb1-7352-867a-013c-9c885a9f7f4e/196922944741_Cover.jpg/600x600bb-60.jpg,1742019076,SPOT! (feat. JENNIE),ZICO,SPOT! (feat. JENNIE),ZICO,11858.4
2,sheesh,babymonster,https://is1-ssl.mzstatic.com/image/thumb/Music221/v4/fb/68/85/fb68856f-4965-5d30-78ea-fe6bb261f4ff/3000px.jpg/600x600bb-60.jpg,1737962890,SHEESH,BABYMONSTER,SHEESH,BABYMONSTER,10665.5
3,impossible,riize,https://is1-ssl.mzstatic.com/image/thumb/Music211/v4/75/66/a0/7566a0c0-59a2-4a3e-94d6-a17eca627519/888735947346.png/600x600bb-60.jpg,1739150377,Impossible,RIIZE,Impossible,RIIZE,6518.1
4,고민중독,qwer,https://is1-ssl.mzstatic.com/image/thumb/Music221/v4/75/54/38/75543853-92c7-064c-fe26-2cbf5eecc6d8/cover_KM0019655_1.jpg/600x600bb-60.jpg,1737366585,고민중독,QWER,T.B.H,QWER,11445.099999999999
5,luckygirlsyndrome,아일릿,https://is1-ssl.mzstatic.com/image/thumb/Music122/v4/3e/49/1e/3e491e43-4961-21ab-2abe-37fb1c0feb40/196922879227_Cover.jpg/600x600bb-60.jpg,1734501146,Lucky Girl Syndrome,아일릿,Lucky Girl Syndrome,ILLIT,2285.6
6,earthwindfire,보이넥스트도어,https://is1-ssl.mzstatic.com/image/thumb/Music211/v4/3e/38/bf/3e38bf61-7171-1cfc-7dc4-8e74751f2b6b/196922852268_Cover.jpg/600x600bb-60.jpg,1738692253,"Earth, Wind & Fire",보이넥스트도어,"Earth, Wind & Fire",BOYNEXTDOOR,526.4
7,midastouch,kissoflife,https://is1-ssl.mzstatic.com/image/thumb/Music211/v4/e1/6f/c2/e16fc273-6872-31a0-a667-3e8777da2636/8804775348402.jpg/600x600bb-60.jpg,1737365432,Nothing,KISS OF LIFE,Nothing,KISS OF LIFE,5373.6
8,siren,riize,https://is1-ssl.mzstatic.com/image/thumb/Music221/v4/17/ad/44/17ad442d-d625-bbd3-f5c2-03dccaab74b7/888735947322.png/600x600bb-60.jpg,1737804338,Siren,RIIZE,Siren,RIIZE,5340.9
9,첫만남은계획대로되지않아,투어스,https://is1-ssl.mzstatic.com/image/thumb/Music116/v4/c4/d6/e6/c4d6e6cc-b5dc-8ddf-34cd-bf11b33cc1e1/196922759543_Cover.jpg/600x600bb-60.jpg,1723932648,첫 만남은 계획대로 되지 않아,투어스,plot twist,TWS,11507.6
10,미안해미워해사랑해,크러쉬,https://is1-ssl.mzstatic.com/image/thumb/Music221/v4/84/b6/a8/84b6a808-9f87-47df-b41b-b15e1bdace30/191953341866.jpg/600x600bb-60.jpg,1736887939,미안해 미워해 사랑해,크러쉬,Love You With All My Heart,Crush,11093.8
11,나는아픈건딱질색이니까,아이들,https://is1-ssl.mzstatic.com/image/thumb/Music126/v4/96/da/6d/96da6de4-8824-f449-7a7a-243aaa9f3a75/cover_KM0019415_1.jpg/600x600bb-60.jpg,1727258596,나는 아픈 건 딱 질색이니까,(여자)아이들,Fate,(G)I-DLE,11621.4
12,반딧불,도영,https://is1-ssl.mzstatic.com/image/thumb/Music211/v4/88/42/27/8842274f-5d07-8fdb-92bb-e526f9a829f0/cover.jpg/600x600bb-60.jpg,1740224932,반딧불,도영,Little Light,DOYOUNG,2989.2
13,welcometotheshow,데이식스,https://is1-ssl.mzstatic.com/image/thumb/Music112/v4/42/fb/af/42fbaf16-efe2-4e1f-2e5e-bb42c2bdc281/DAY6_Fourever_Online_Cover.jpg/600x600bb-60.jpg,1731955737,Welcome to the Show,데이식스,Welcome to the Show,DAY6,8858.1
14,hypeboy,뉴진스,https://is1-ssl.mzstatic.com/image/thumb/Music112/v4/4e/64/34/4e64344b-3ac6-c503-2c41-257a15401416/192641873096_Cover.jpg/600x600bb-60.jpg,1635469851,Hype Boy,뉴진스,Hype Boy,NewJeans,9878.1
15,attention,뉴진스,https://is1-ssl.mzstatic.com/image/thumb/Music112/v4/4e/64/34/4e64344b-3ac6-c503-2c41-257a15401416/192641873096_Cover.jpg/600x600bb-60.jpg,1635469694,Attention,뉴진스,Attention,NewJeans,6906.7
16,smart,르세라핌,https://is1-ssl.mzstatic.com/image/thumb/Music126/v4/dc/10/0d/dc100d84-6e16-98d5-13a8-1c387dc4dc30/196922796531_Cover.jpg/600x600bb-60.jpg,1728928913,Smart,르세라핌,Smart,LE SSERAFIM,9801.4
17,fortnight,taylorswift,https://is1-ssl.mzstatic.com/image/thumb/Music211/v4/a8/45/fd/a845fd82-d5c1-bffe-806a-ed0700b1c589/24UMGIM29563.rgb.jpg/600x600bb-60.jpg,1736268194,Fortnight (feat. Post Malone),Taylor Swift,Fortnight (feat. Post Malone),Taylor Swift,464.79999999999995
18,easy,르세라핌,https://is1-ssl.mzstatic.com/image/thumb/Music126/v4/dc/10/0d/dc100d84-6e16-98d5-13a8-1c387dc4dc30/196922796531_Cover.jpg/600x600bb-60.jpg,1728928754,EASY,르세라핌,EASY,LE SSERAFIM,10414.9
19,eta,뉴진스,https://is1-ssl.mzstatic.com/image/thumb/Music116/v4/d3/4b/7e/d34b7e1e-af3b-43b6-2949-7a8c652a1bc9/196922462726_Cover.jpg/600x600bb-60.jpg,1695951900,ETA,뉴진스,ETA,NewJeans,8888.699999999999
20,예뻤어,데이식스,https://is1-ssl.mzstatic.com/image/thumb/Music122/v4/be/b6/6f/beb66f68-dd13-462b-13ab-1ff308248c53/Every_DAY6_February_cover.jpg/600x600bb-60.jpg,1202720718,예뻤어,데이식스,You Were Beautiful,DAY6,10496.3
21,lovewinsall,아이유,https://is1-ssl.mzstatic.com/image/thumb/Music112/v4/3e/43/d2/3e43d2dc-acd4-5db6-9ae7-99299a044584/cover_KM0019422_1.jpg/600x600bb-60.jpg,1731352617,Love wins all,아이유,Love wins all,IU,10697.3
22,한페이지가될수있게,데이식스,https://is1-ssl.mzstatic.com/image/thumb/Music124/v4/b3/8f/9d/b38f9d23-d5c3-cde5-92ad-9a8fa6d0a7eb/DAY6_The_Book_of_Us_Gravity_3000x3000.jpg/600x600bb-60.jpg,1471938396,한 페이지가 될 수 있게,데이식스,Time of Our Life,DAY6,10735.5
23,새봄의노래,도영,https://is1-ssl.mzstatic.com/image/thumb/Music211/v4/88/42/27/8842274f-5d07-8fdb-92bb-e526f9a829f0/cover.jpg/600x600bb-60.jpg,1740224931,새봄의 노래,도영,Beginning,DOYOUNG,661.2
24,sugarcoat,kissoflife,https://is1-ssl.mzstatic.com/image/thumb/Music126/v4/da/29/02/da29023d-6e10-bdd2-7415-ffaa1d5bf481/cover_KM0017387_1.jpg/600x600bb-60.jpg,1694699909,Sugarcoat (NATTY Solo),KISS OF LIFE,Sugarcoat (NATTY Solo),KISS OF LIFE,425.59999999999997
25,ditto,뉴진스,https://is1-ssl.mzstatic.com/image/thumb/Music112/v4/f6/29/42/f629426e-92fe-535c-cbe4-76e70850819b/196922287107_Cover.jpg/600x600bb-60.jpg,1657231962,Ditto,뉴진스,Ditto,NewJeans,8705.6
26,tox,태연,https://is1-ssl.mzstatic.com/image/thumb/Music116/v4/c7/1b/47/c71b47c7-4ea1-4eb9-8825-cbe87f68b6fd/cover.jpg/600x600bb-60.jpg,1717568642,To. X,태연,To. X,TAEYEON,9925.3
27,talksaxy,riize,https://is1-ssl.mzstatic.com/image/thumb/Music116/v4/bc/b7/79/bcb77908-2116-19a5-f833-c1dafac08042/888735945687.png/600x600bb-60.jpg,1712461626,Talk Saxy,RIIZE,Talk Saxy,RIIZE,408.79999999999995
28,drama,aespa,https://is1-ssl.mzstatic.com/image/thumb/Music116/v4/f7/f0/5c/f7f05ce4-e5a4-900d-e087-1dd9668b2b34/888735945939.jpg/600x600bb-60.jpg,1715939931,Drama,aespa,Drama,aespa,8640.4
29,supershy,뉴진스,https://is1-ssl.mzstatic.com/image/thumb/Music126/v4/63/e5/e2/63e5e2e4-829b-924d-a1dc-8058a1d69bd4/196922462702_Cover.jpg/600x600bb-60.jpg,1692686518,Super Shy,뉴진스,Super Shy,NewJeans,8445.8
30,그대만있다면,너드커넥션,https://is1-ssl.mzstatic.com/image/thumb/Music122/v4/41/0f/bd/410fbda4-aff9-9807-6014-f51bdd19fe3c/Digital_Cover_NCT_DREAM_Candy.jpg/600x600bb-60.jpg,1658222132,Candy,NCT DREAM,Candy,NCT DREAM,9306.4
31,omg,뉴진스,https://is1-ssl.mzstatic.com/image/thumb/Music113/v4/48/96/08/4896085e-b550-cb0a-3e5b-1f203521cb82/196922265464_Cover.jpg/600x600bb-60.jpg,1659513445,OMG,뉴진스,OMG,NewJeans,6792.5
32,illseeyoutheretomorrow,투모로우바이투게더,https://is1-ssl.mzstatic.com/image/thumb/Music221/v4/9d/c4/16/9dc41676-d81e-b1ff-d62f-c3d7cd0757a6/196922842283_Cover.jpg/600x600bb-60.jpg,1733096616,I’ll See You There Tomorrow,투모로우바이투게더,I’ll See You There Tomorrow,TOMORROW X TOGETHER,380.79999999999995
33,perfectnight,르세라핌,https://is1-ssl.mzstatic.com/image/thumb/Music116/v4/e6/df/10/e6df10ec-20e2-4fc8-51a1-cb923ce992c4/196922680779_Cover.jpg/600x600bb-60.jpg,1712731159,Perfect Night,르세라핌,Perfect Night,LE SSERAFIM,9107.5
34,밤양갱,비비,https://is1-ssl.mzstatic.com/image/thumb/Music116/v4/ba/31/d6/ba31d644-bb34-1e4c-5600-c403b83159ef/cover_KM0019491_1.png/600x600bb-60.jpg,1729547611,밤양갱,비비,Bam Yang Gang,BIBI,11029.5
35,timemachine,도영,https://is1-ssl.mzstatic.com/image/thumb/Music211/v4/88/42/27/8842274f-5d07-8fdb-92bb-e526f9a829f0/cover.jpg/600x600bb-60.jpg,1740224936,Time Machine (feat. 태연 & 마크),도영,Time Machine (feat. TAEYEON & MARK),DOYOUNG,364.0
36,love119,riize,https://is1-ssl.mzstatic.com/image/thumb/Music116/v4/d3/b8/ba/d3b8ba3c-cca4-4335-6edd-dc5524148877/888735946431.png/600x600bb-60.jpg,1721331014,Love 119,RIIZE,Love 119,RIIZE,8431.1
37,cruelsummer,taylorswift,https://is1-ssl.mzstatic.com/image/thumb/Music125/v4/49/3d/ab/493dab54-f920-9043-6181-80993b8116c9/19UMGIM53909.rgb.jpg/600x600bb-60.jpg,1468058171,Cruel Summer,Taylor Swift,Cruel Summer,Taylor Swift,352.79999999999995
38,cookie,뉴진스,https://is1-ssl.mzstatic.com/image/thumb/Music112/v4/4e/64/34/4e64344b-3ac6-c503-2c41-257a15401416/192641873096_Cover.jpg/600x600bb-60.jpg,1635469854,Cookie,뉴진스,Cookie,NewJeans,347.2
39,나의바다에게,도영,https://is1-ssl.mzstatic.com/image/thumb/Music211/v4/88/42/27/8842274f-5d07-8fdb-92bb-e526f9a829f0/cover.jpg/600x600bb-60.jpg,1740224934,나의 바다에게,도영,From Little Wave,DOYOUNG,341.59999999999997
40,coolwithyou,뉴진스,https://is1-ssl.mzstatic.com/image/thumb/Music116/v4/d3/4b/7e/d34b7e1e-af3b-43b6-2949-7a8c652a1bc9/196922462726_Cover.jpg/600x600bb-60.jpg,1695951905,Cool With You,뉴진스,Cool With You,NewJeans,336.0
41,인사,범진,https://is1-ssl.mzstatic.com/image/thumb/Music116/v4/04/6c/a3/046ca30f-94e8-bbae-def8-e087a323fa6d/8809856740601.jpg/600x600bb-60.jpg,1601565174,인사,범진,A Letter,BUMJIN,8163.9
42,byyourside,크러쉬,https://is1-ssl.mzstatic.com/image/thumb/Music221/v4/85/c2/9e/85c29e86-85a6-913f-33ec-2c0833b74165/191953345628.jpg/600x600bb-60.jpg,1740884211,By Your Side,크러쉬,By Your Side,Crush,4836.3
43,천상연,이창섭,https://is1-ssl.mzstatic.com/image/thumb/Music122/v4/17/b8/d7/17b8d742-378f-9735-3e1b-d7c4ee0f1d80/X_LEE_CHANGSUB.jpg/600x600bb-60.jpg,1731682480,천상연,이창섭,Heavenly fate,LEE CHANGSUB,10599.699999999999
44,비의랩소디,임재현,https://is1-ssl.mzstatic.com/image/thumb/Music126/v4/96/d4/64/96d46475-11b6-ffbb-37ba-817d3a81ed7c/888272126815.jpg/600x600bb-60.jpg,1718842571,비의 랩소디 (Instrumental),임재현,Rhapsody of Sadness (Instrumental),Jaehyun Lim,10082.2
45,dejavu,투모로우바이투게더,https://is1-ssl.mzstatic.com/image/thumb/Music124/v4/48/92/92/489292c4-01d7-593d-3d38-5a551d7a8fe9/00602577581465_Cover.jpg/600x600bb-60.jpg,1553524111,어느날 머리에서 뿔이 자랐다 (CROWN),투모로우바이투게더,CROWN,TOMORROW X TOGETHER,1465.2
46,beautifulthings,bensonboone,https://is1-ssl.mzstatic.com/image/thumb/Music116/v4/54/f4/92/54f49210-e260-b519-ebbd-f4f40ee710cd/054391342751.jpg/600x600bb-60.jpg,1724488124,Beautiful Things,Benson Boone,Beautiful Things,Benson Boone,1143.6999999999998
47,badnews,kissoflife,https://is1-ssl.mzstatic.com/image/thumb/Music116/v4/83/40/88/834088da-6387-50e3-a1ad-cc092acdbb65/cover_KM0018390_1.jpg/600x600bb-60.jpg,1714373033,Bad News,KISS OF LIFE,Bad News,KISS OF LIFE,296.79999999999995
48,개화,루시,https://is1-ssl.mzstatic.com/image/thumb/Music125/v4/4c/5f/c0/4c5fc097-0b15-34de-458a-594d9f77ec4e/cover_-_LUCY_DS.jpg/600x600bb-60.jpg,1512378349,개화,루시,Flowering,LUCY,366.79999999999995
49,seven,정국,https://is1-ssl.mzstatic.com/image/thumb/Music126/v4/a5/a6/56/a5a6561a-f570-2fb1-5a3a-95b150c18f18/196922550928_Cover.jpg/600x600bb-60.jpg,1697147752,Seven,정국 & Latto,Seven,Jung Kook & Latto,1545.1
50,memories,riize,https://is1-ssl.mzstatic.com/image/thumb/Music116/v4/18/e0/ca/18e0ca7d-7aed-70f3-89c1-7d7902d07df0/888735944642.png/600x600bb-60.jpg,1702535848,Memories,RIIZE,Memories,RIIZE,280.0
51,newjeans,뉴진스,https://is1-ssl.mzstatic.com/image/thumb/Music112/v4/4e/64/34/4e64344b-3ac6-c503-2c41-257a15401416/192641873096_Cover.jpg/600x600bb-60.jpg,1635469851,Hype Boy,뉴진스,Hype Boy,NewJeans,1021.9
52,iam,아이브,https://is1-ssl.mzstatic.com/image/thumb/Music116/v4/fe/2f/49/fe2f497c-2b68-b67d-2199-67a3b8169e36/cover_KM0017019_1.jpg/600x600bb-60.jpg,1680865730,I AM,아이브,I AM,IVE,9204.0
53,spicy,aespa,https://is1-ssl.mzstatic.com/image/thumb/Music116/v4/af/2c/6d/af2c6d62-0ebc-2dff-17b3-8eeb2b3986a0/888735943621.jpg/600x600bb-60.jpg,1685400184,Spicy,aespa,Spicy,aespa,4300.3
54,dash,nmixx,https://is1-ssl.mzstatic.com/image/thumb/Music116/v4/b0/5f/1a/b05f1aaf-5b01-1daf-2f59-0236f08439a1/NMIXX_E02.jpg/600x600bb-60.jpg,1723294481,DASH,NMIXX,DASH,NMIXX,809.5999999999999
55,byebyemyblue,백예린,https://is1-ssl.mzstatic.com/image/thumb/Music125/v4/d3/3b/6d/d33b6d23-795d-2b29-89fe-88170cbfbf4d/online_cover.jpg/600x600bb-60.jpg,1125891115,Bye Bye My Blue,백예린,Bye Bye My Blue,Yerin Baek,251.99999999999997
56,maniac,비비지,https://is1-ssl.mzstatic.com/image/thumb/Music126/v4/6d/0d/7e/6d0d7e39-f510-217f-64f6-07643d7d08a8/cover_KM0018861_1.jpg/600x600bb-60.jpg,1714197624,MANIAC,비비지,MANIAC,VIVIZ,7336.8
57,pocketlocket,alainacastillo,https://is1-ssl.mzstatic.com/image/thumb/Music125/v4/8e/0e/f9/8e0ef9fd-d743-a55c-fee9-5e3a1eafdc14/5056167162100_1.jpg/600x600bb-60.jpg,1557474963,pocket locket,Alaina Castillo,pocket locket,Alaina Castillo,240.79999999999998
58,주저하는연인들을위해,잔나비,https://is1-ssl.mzstatic.com/image/thumb/Music125/v4/fc/a9/b2/fca9b2d4-b1ed-92e8-2e5f-1838d77cbce7/cover-_NEW.jpg/600x600bb-60.jpg,1456103133,주저하는 연인들을 위해,잔나비,For Lovers Who Hesitate,JANNABI,5401.8
59,our,보이넥스트도어,https://is1-ssl.mzstatic.com/image/thumb/Music116/v4/62/ad/c6/62adc699-bc38-f411-155c-349a68795794/196922402067_Cover.jpg/600x600bb-60.jpg,1688299362,Serenade,보이넥스트도어,Serenade,BOYNEXTDOOR,229.6
60,getaguitar,riize,https://is1-ssl.mzstatic.com/image/thumb/Music126/v4/0f/9d/ea/0f9dea53-6309-57e8-f223-6d4407534cc4/888735944888.png/600x600bb-60.jpg,1702800318,Get A Guitar,RIIZE,Get A Guitar,RIIZE,5097.6
61,내가됐으면해,도영,https://is1-ssl.mzstatic.com/image/thumb/Music211/v4/88/42/27/8842274f-5d07-8fdb-92bb-e526f9a829f0/cover.jpg/600x600bb-60.jpg,1740224938,내가 됐으면 해,도영,Serenade,DOYOUNG,218.39999999999998
62,trip,릴러말즈,https://is1-ssl.mzstatic.com/image/thumb/Music126/v4/d2/6f/40/d26f4042-607f-3cef-b70c-8426e9d13e6f/8809603548191_Cover.jpg/600x600bb-60.jpg,1608880079,Trip (feat. Hannah),릴러말즈,Trip (feat. Hannah),Leellamarz,212.79999999999998
63,yours,데이먼스이어,https://is1-ssl.mzstatic.com/image/thumb/Music123/v4/da/82/e1/da82e1b2-09d1-f4d1-327d-076b7d539241/yours_cover.jpg/600x600bb-60.jpg,1459220445,Yours,데이먼스 이어,Yours,Damons year,207.2
64,좋은밤좋은꿈,너드커넥션,https://is1-ssl.mzstatic.com/image/thumb/Music211/v4/7a/f9/77/7af977be-cf12-73f4-7534-a54359205405/cover_KM0019696_1.jpg/600x600bb-60.jpg,1738889871,좋은 밤 좋은 꿈,Nerd Connection,‎Good Night Good Dream,Nerd Connection,201.6
65,숲,최유리,https://is1-ssl.mzstatic.com/image/thumb/Music112/v4/93/a7/4b/93a74b7c-69be-a9b1-1499-2d2eb0f9c3ed/191953194141.jpg/600x600bb-60.jpg,1641252975,숲,최유리,Forest,Choi Yu Ree,895.9
66,smoothie,nctdream,https://is1-ssl.mzstatic.com/image/thumb/Music122/v4/ab/24/06/ab2406d9-31a5-653a-d4ed-4dd92d7ad0bc/888735947056.png/600x600bb-60.jpg,1733588689,Smoothie,NCT DREAM,Smoothie,NCT DREAM,190.39999999999998
67,hurt,뉴진스,https://is1-ssl.mzstatic.com/image/thumb/Music112/v4/4e/64/34/4e64344b-3ac6-c503-2c41-257a15401416/192641873096_Cover.jpg/600x600bb-60.jpg,1635470002,Hurt,뉴진스,Hurt,NewJeans,184.79999999999998
68,antifreeze,백예린,https://is1-ssl.mzstatic.com/image/thumb/Music115/v4/c0/13/22/c01322df-40be-a2c8-56e8-f5be1d3471fa/Yerin_Baek.jpg/600x600bb-60.jpg,1584809295,Antifreeze,백예린,Antifreeze,Yerin Baek,179.2
69,뭣같아,보이넥스트도어,https://is1-ssl.mzstatic.com/image/thumb/Music211/v4/3e/38/bf/3e38bf61-7171-1cfc-7dc4-8e74751f2b6b/196922852268_Cover.jpg/600x600bb-60.jpg,1738692253,"Earth, Wind & Fire",보이넥스트도어,"Earth, Wind & Fire",BOYNEXTDOOR,173.6
70,discord,qwer,https://is1-ssl.mzstatic.com/image/thumb/Music116/v4/57/1b/2b/571b2b61-77b0-03b4-fa64-fdfef50beaad/cover_KM0018677_1.jpg/600x600bb-60.jpg,1711740155,Discord,QWER,Discord,QWER,3413.2999999999997
71,vancouver,bignaughty,https://is1-ssl.mzstatic.com/image/thumb/Music126/v4/25/12/60/25126097-f534-0393-d6a2-3c168a9ea47e/cover_KM0015226_1.jpg/600x600bb-60.jpg,1622167332,Vancouver,BIG Naughty,Vancouver,BIG Naughty,162.39999999999998
72,yesorno,그루비룸,https://is1-ssl.mzstatic.com/image/thumb/Music126/v4/17/5d/2e/175d2e28-2874-baf9-6996-a4f20dfb0ac1/cover_KM0019379_1.jpg/600x600bb-60.jpg,1726103757,Yes or No (feat. HUH YUNJIN & Crush),그루비룸,Yes or No (feat. HUH YUNJIN & Crush),GroovyRoom,800.8
73,nobodyknows,kissoflife,https://is1-ssl.mzstatic.com/image/thumb/Music116/v4/83/40/88/834088da-6387-50e3-a1ad-cc092acdbb65/cover_KM0018390_1.jpg/600x600bb-60.jpg,1714373034,Nobody Knows,KISS OF LIFE,Nobody Knows,KISS OF LIFE,151.2
74,soletsgoseethestars,보이넥스트도어,https://is1-ssl.mzstatic.com/image/thumb/Music211/v4/3e/38/bf/3e38bf61-7171-1cfc-7dc4-8e74751f2b6b/196922852268_Cover.jpg/600x600bb-60.jpg,1738692244,So let's go see the stars,보이넥스트도어,So let's go see the stars,BOYNEXTDOOR,145.6
75,lostincalifornia,도영,https://is1-ssl.mzstatic.com/image/thumb/Music211/v4/88/42/27/8842274f-5d07-8fdb-92bb-e526f9a829f0/cover.jpg/600x600bb-60.jpg,1740224945,Lost In California,도영,Lost In California,DOYOUNG,140.0
76,어떻게이별까지사랑하겠어널사랑하는거지,악뮤,https://is1-ssl.mzstatic.com/image/thumb/Music125/v4/e4/a2/80/e4a28015-490b-255a-ff26-aadd6257cfa1/AKMU_DS.jpg/600x600bb-60.jpg,1480802550,"어떻게 이별까지 사랑하겠어, 널 사랑하는 거지",악뮤,"How can I love the heartbreak, you're the one I love",AKMU,4540.2
77,everything,검정치마,https://is1-ssl.mzstatic.com/image/thumb/Music125/v4/be/ce/5c/bece5cff-2caf-6d8a-9c21-3035537d2a4d/Album_cover_1400X1400.jpg/600x600bb-60.jpg,1242155576,EVERYTHING,검정치마,EVERYTHING,The Black Skirts,128.79999999999998
78,blueming,아이유,https://is1-ssl.mzstatic.com/image/thumb/Music124/v4/b8/b8/18/b8b81899-a984-be85-5656-ec1f2fc10227/5_Love_poem.jpg/600x600bb-60.jpg,1488300930,Blueming,아이유,Blueming,IU,123.19999999999999
79,댈러스러브필드,도영,https://is1-ssl.mzstatic.com/image/thumb/Music211/v4/88/42/27/8842274f-5d07-8fdb-92bb-e526f9a829f0/cover.jpg/600x600bb-60.jpg,1740224948,댈러스 러브 필드,도영,Dallas Love Field,DOYOUNG,117.6
80,거리에서,성시경,https://is1-ssl.mzstatic.com/image/thumb/Music116/v4/ee/a7/30/eea730c4-3d0e-a6d0-3481-76997cc3d07a/888272121469_Cover.jpg/600x600bb-60.jpg,1702123117,거리에서 (feat. ASH ISLAND),릴러말즈,On the street (feat. ASH ISLAND),Leellamarz,112.0
81,lovedive,아이브,https://is1-ssl.mzstatic.com/image/thumb/Music112/v4/67/f8/16/67f8164a-bfc2-f29b-e241-800426a968ef/cover_KM0015013_1.jpg/600x600bb-60.jpg,1616804152,LOVE DIVE,아이브,LOVE DIVE,IVE,4587.6
82,손오공,세븐틴,https://is1-ssl.mzstatic.com/image/thumb/Music116/v4/e3/76/df/e376df28-c05b-00fd-72de-9d42377a306b/196922628580_Cover.jpg/600x600bb-60.jpg,1711288969,음악의 신,세븐틴,God of Music,SEVENTEEN,1822.7
83,swansong,르세라핌,https://is1-ssl.mzstatic.com/image/thumb/Music126/v4/dc/10/0d/dc100d84-6e16-98d5-13a8-1c387dc4dc30/196922796531_Cover.jpg/600x600bb-60.jpg,1728928907,Swan Song,르세라핌,Swan Song,LE SSERAFIM,95.19999999999999
84,wecantbefriends,arianagrande,https://is1-ssl.mzstatic.com/image/thumb/Music122/v4/34/fe/a1/34fea184-6d20-3f50-b4ce-5e1501c1c5ab/24UMGIM00198.rgb.jpg/600x600bb-60.jpg,1725878242,we can't be friends (wait for your love),Ariana Grande,we can't be friends (wait for your love),Ariana Grande,89.6
85,nopain,실리카겔,https://is1-ssl.mzstatic.com/image/thumb/Music112/v4/fd/77/a1/fd77a1be-0a17-0794-5a2b-92bd575267d4/NO_PAIN.jpg/600x600bb-60.jpg,1641616802,NO PAIN,실리카겔,NO PAIN,SILICA GEL,84.0
86,멈춰줘,헤이즈,https://is1-ssl.mzstatic.com/image/thumb/Music211/v4/52/f1/73/52f17367-d934-3f9f-311f-4da21c5aa5aa/191953340760.jpg/600x600bb-60.jpg,1735685780,멈춰줘,헤이즈,Hold Me Back,HEIZE,5509.2
87,이브프시케그리고푸른수염의아내,르세라핌,https://is1-ssl.mzstatic.com/image/thumb/Music116/v4/17/ff/ba/17ffba08-f99d-4e23-d8fe-af42ff9e67b2/196922444470_Cover.jpg/600x600bb-60.jpg,1682502483,"이브, 프시케 그리고 푸른 수염의 아내",르세라핌,"Eve, Psyche & The Bluebeard’s wife",LE SSERAFIM,1180.3999999999999
88,잘지내자우리,로이킴,https://is1-ssl.mzstatic.com/image/thumb/Music116/v4/5f/d8/fa/5fd8fa3a-9063-88fa-3735-a58a892239e3/cover_KM0017838_1.jpg/600x600bb-60.jpg,1696074375,"잘 지내자, 우리 (영화 '여름날 우리')",로이킴,Let's Stay Well (My love),Roy Kim,4024.7
89,lovemeorleaveme,데이식스,https://is1-ssl.mzstatic.com/image/thumb/Music124/v4/d0/9e/4c/d09e4c70-01dc-a532-ec0e-23f91b5a549e/DAY6_The_Book_of_Us_The_Demon_cover.jpg/600x600bb-60.jpg,1510954536,Love me or Leave me,데이식스,Love me or Leave me,DAY6,682.6
90,혹시세상에혼자남겨진것같다면,우디,https://is1-ssl.mzstatic.com/image/thumb/Music211/v4/c2/67/f8/c267f873-f73f-f1ba-3fae-4aa28fc7608b/cover_KM0019685_1.jpg/600x600bb-60.jpg,1738859517,혹시 세상에 혼자 남겨진 것 같다면,우디,When you alone,Woody,6226.0
91,asap,뉴진스,https://is1-ssl.mzstatic.com/image/thumb/Music116/v4/d3/4b/7e/d34b7e1e-af3b-43b6-2949-7a8c652a1bc9/196922462726_Cover.jpg/600x600bb-60.jpg,1695952098,ASAP,뉴진스,ASAP,NewJeans,50.4
92,소나기,이클립스,https://is1-ssl.mzstatic.com/image/thumb/Music221/v4/41/84/09/418409b3-7485-6cc0-9533-584fb0eecfaf/888272132571_Cover.jpg/600x600bb-60.jpg,1739750624,소나기,이클립스,Sudden Shower,ECLIPSE,539.3
93,쉼표,도영,https://is1-ssl.mzstatic.com/image/thumb/Music211/v4/88/42/27/8842274f-5d07-8fdb-92bb-e526f9a829f0/cover.jpg/600x600bb-60.jpg,1740224946,쉼표,도영,Rest,DOYOUNG,39.199999999999996
94,좋아해요,폴킴,https://is1-ssl.mzstatic.com/image/thumb/Music221/v4/47/e9/0c/47e90ca4-0e4f-23ba-4671-2f72e83a90d1/191953344515.jpg/600x600bb-60.jpg,1739304346,좋아해요,폴킴,Can't Get Over You,Paul Kim,5233.099999999999
95,wish,nctwish,https://is1-ssl.mzstatic.com/image/thumb/Music116/v4/53/c3/87/53c3877c-5ff2-ce33-997b-1fddb41dc9e0/NCTWISH_WISH_DC_F_s.jpg/600x600bb-60.jpg,1730841081,WISH (Japanese Version),NCT WISH,WISH (Japanese Version),NCT WISH,28.0
96,마지막처럼,blackpink,https://is1-ssl.mzstatic.com/image/thumb/Music124/v4/0b/d6/6e/0bd66efc-caba-41e0-7d84-c92e925b1d94/as_if_its_your_last.jpg/600x600bb-60.jpg,1251249891,마지막처럼,BLACKPINK,As If It's Your Last,BLACKPINK,22.4
97,happy,데이식스,https://is1-ssl.mzstatic.com/image/thumb/Music112/v4/42/fb/af/42fbaf16-efe2-4e1f-2e5e-bb42c2bdc281/DAY6_Fourever_Online_Cover.jpg/600x600bb-60.jpg,1731955738,HAPPY,데이식스,HAPPY,DAY6,741.3
98,그건아마우리의잘못은아닐거야,백예린,https://is1-ssl.mzstatic.com/image/thumb/Music123/v4/7e/7f/a1/7e7fa149-6db3-9c0c-bb14-47e6f346e31b/Our_love_is_great_cover.jpg/600x600bb-60.jpg,1456221393,그건 아마 우리의 잘못은 아닐 거야,백예린,Maybe It's Not Our Fault,Yerin Baek,11.2
99,nothing,kissoflife,https://is1-ssl.mzstatic.com/image/thumb/Music211/v4/e1/6f/c2/e16fc273-6872-31a0-a667-3e8777da2636/8804775348402.jpg/600x600bb-60.jpg,1737365432,Nothing,KISS OF LIFE,Nothing,KISS OF LIFE,5.6
100,에피소드,이무진,https://is1-ssl.mzstatic.com/image/thumb/Music116/v4/e5/7a/f2/e57af277-e8a3-cf4f-d29f-6afd6535e035/cover_KM0019108_1.jpg/600x600bb-60.jpg,1720325664,에피소드,이무진,Episode,Lee Mujin,8904.0
101,헤어지자말해요,박재정,https://is1-ssl.mzstatic.com/image/thumb/Music116/v4/80/3c/ef/803cef29-4056-b1d7-182a-73870ae469bb/cover_KM0017252_1.jpg/600x600bb-60.jpg,1683448046,헤어지자 말해요,박재정,Let’s Say Goodbye,Parc Jae Jung,8808.7
102,홀씨,아이유,https://is1-ssl.mzstatic.com/image/thumb/Music126/v4/e3/56/1e/e3561eb5-de12-790d-569b-53fa22e6b491/cover_KM0019422_1.jpg/600x600bb-60.jpg,1726888402,Love wins all,아이유,Love wins all,IU,8321.0
103,sevencleanver,정국,,,sevencleanver,정국,sevencleanver,정국,5343.5
104,사랑인가봐,멜로망스,https://is1-ssl.mzstatic.com/image/thumb/Music126/v4/50/f0/fc/50f0fcea-7360-47c0-37d6-4440e97e2862/cover_KM0014772_1.jpg/600x600bb-60.jpg,1609910933,사랑인가 봐,멜로망스,"Love, Maybe",MeloMance,5869.4
105,너의모든순간,성시경,https://is1-ssl.mzstatic.com/image/thumb/Music126/v4/a7/c2/0d/a7c20d8c-01c7-416d-16db-609241314273/cover_KM0002565_1.jpg/600x600bb-60.jpg,819870640,너의 모든 순간,성시경,Every Moment of You,Sung Si Kyung,6743.7
106,사랑은늘도망가,임영웅,https://is1-ssl.mzstatic.com/image/thumb/Music125/v4/a3/95/ee/a395eea4-71b4-df6f-0d47-f305fd084563/191953142210.jpg/600x600bb-60.jpg,1589204991,사랑은 늘 도망가,임영웅,Love Always Run Away,Lim Young Woong,6014.7
107,꿈,태연,https://is1-ssl.mzstatic.com/image/thumb/Music116/v4/4c/02/38/4c023898-f560-fe49-3f12-f395b9e6ae27/191953323527.jpg/600x600bb-60.jpg,1721302254,꿈,태연,Dream,TAEYEON,5606.6
108,lovelee,악뮤,https://is1-ssl.mzstatic.com/image/thumb/Music116/v4/7f/ca/13/7fca1315-9134-7937-b159-367bbed08dfa/AKMU_LoveLee_Cover_4000x4000.jpg/600x600bb-60.jpg,1702810042,Love Lee,악뮤,Love Lee,AKMU,7159.9
109,사막에서꽃을피우듯,우디,https://is1-ssl.mzstatic.com/image/thumb/Music126/v4/b9/cc/4e/b9cc4ef9-50ab-7f27-b5c9-7770617df7c0/01..jpg/600x600bb-60.jpg,1696860541,사막에서 꽃을 피우듯 (Kor Version),우디,Flower in the Desert (Kor Version),Woody,5687.3
110,퀸카,아이들,https://is1-ssl.mzstatic.com/image/thumb/Music116/v4/29/27/57/29275797-c35d-df22-1394-61189a2aae43/cover_KM0017301_1.jpg/600x600bb-60.jpg,1687024225,퀸카,(여자)아이들,Queencard,(G)I-DLE,6574.7
111,superlady,아이들,https://is1-ssl.mzstatic.com/image/thumb/Music126/v4/96/da/6d/96da6de4-8824-f449-7a7a-243aaa9f3a75/cover_KM0019415_1.jpg/600x600bb-60.jpg,1727258596,나는 아픈 건 딱 질색이니까,(여자)아이들,Fate,(G)I-DLE,5935.0
112,사건의지평선,윤하,https://is1-ssl.mzstatic.com/image/thumb/Music122/v4/43/cd/c8/43cdc862-d91b-de64-9d21-e6f6a16fbf61/cover_KM0014976_1.jpg/600x600bb-60.jpg,1616649362,사건의 지평선,윤하,Event Horizon,Younha,5952.7
113,baddie,아이브,https://is1-ssl.mzstatic.com/image/thumb/Music116/v4/88/4e/1a/884e1a49-7ce1-7521-7216-cb9adc497090/cover_KM0018202_1.jpg/600x600bb-60.jpg,1711153996,Baddie,아이브,Baddie,IVE,5377.9
114,그대가내안에박혔다,순순희,,,그대가내안에박혔다,순순희,그대가내안에박혔다,순순희,4417.3
115,모든날모든순간,폴킴,https://is1-ssl.mzstatic.com/image/thumb/Music115/v4/fb/45/a5/fb45a5f3-e172-f3c7-05df-733d16c8fc31/OST3_A_Fin.jpg/600x600bb-60.jpg,1360245440,"모든 날, 모든 순간",폴킴,"Every Day, Every Moment",Paul Kim,4089.4
116,youme,제니,https://is1-ssl.mzstatic.com/image/thumb/Music126/v4/81/ff/21/81ff218c-3773-8bd7-19be-2b9d0c373a7f/JENNIE_You_Me_0922.jpg/600x600bb-60.jpg,1709257170,You & Me,제니,You & Me,JENNIE,4907.2
117,idontthinkthatilikeher,charlieputh,https://is1-ssl.mzstatic.com/image/thumb/Music122/v4/7e/5f/22/7e5f2239-6143-7cf4-dfe1-d9b53d47c4c0/075679736307.jpg/600x600bb-60.jpg,1633318780,I Don’t Think That I Like Her,Charlie Puth,I Don’t Think That I Like Her,Charlie Puth,4937.6
118,취중고백,김민석,https://is1-ssl.mzstatic.com/image/thumb/Music116/v4/1c/fa/26/1cfa262a-1389-9099-4423-20b5d80cecfe/190296294983.jpg/600x600bb-60.jpg,1600651334,취중고백,김민석,DrunKen Confession,Kim Min Seok,3980.2
119,심,dk,https://is1-ssl.mzstatic.com/image/thumb/Music116/v4/f5/21/91/f52191c0-4d0d-d5d7-cdb1-36e02df1dae5/cover_KM0016903_1.jpg/600x600bb-60.jpg,1672883585,심(心),DK(디셈버),Heart,DK(December),4933.6
120,사랑하지않아서그랬어,임한별,https://is1-ssl.mzstatic.com/image/thumb/Music126/v4/80/a7/17/80a717ac-1788-9f1c-e73d-177786ffd95a/cover_KM0017163_1.jpg/600x600bb-60.jpg,1679481651,사랑하지 않아서 그랬어,임한별,Because I Don't Love You,Onestar,2685.4
121,후라이의꿈,악뮤,https://is1-ssl.mzstatic.com/image/thumb/Music116/v4/7f/ca/13/7fca1315-9134-7937-b159-367bbed08dfa/AKMU_LoveLee_Cover_4000x4000.jpg/600x600bb-60.jpg,1702810043,후라이의 꿈,악뮤,Fry’s Dream,AKMU,4437.6
122,봄날,방탄소년단,https://is1-ssl.mzstatic.com/image/thumb/Music116/v4/ce/fb/eb/cefbebd4-d53b-8d6c-33cf-2ee55408bd79/8804775077494_Cover.jpg/600x600bb-60.jpg,1596529381,봄날,방탄소년단,Spring Day,BTS,1980.0
123,다정히내이름을부르면,경서예지,https://is1-ssl.mzstatic.com/image/thumb/Music125/v4/cd/49/ed/cd49ed05-4373-1e6c-18b2-6f95cca1494f/cover_KM0014213_1.jpg/600x600bb-60.jpg,1590789873,다정히 내 이름을 부르면 (여자 Version),경서예지,If you lovingly call my name (Female Version),GyeongseoYeji,3474.2
124,우리들의블루스,임영웅,https://is1-ssl.mzstatic.com/image/thumb/Music125/v4/a3/95/ee/a395eea4-71b4-df6f-0d47-f305fd084563/191953142210.jpg/600x600bb-60.jpg,1589204991,사랑은 늘 도망가,임영웅,Love Always Run Away,Lim Young Woong,2966.2
125,wife,아이들,https://is1-ssl.mzstatic.com/image/thumb/Music116/v4/7d/4a/c8/7d4ac849-5bea-1356-4161-1dd55c460411/cover_KM0019415_1.jpg/600x600bb-60.jpg,1726486877,Wife,(여자)아이들,Wife,(G)I-DLE,4840.9
126,dangerously,charlieputh,https://is1-ssl.mzstatic.com/image/thumb/Music124/v4/68/24/6d/68246d01-179c-72e2-6caa-6490c86a4e79/075679920836.jpg/600x600bb-60.jpg,1041127299,Dangerously,Charlie Puth,Dangerously,Charlie Puth,3769.3
127,모래알갱이,임영웅,https://is1-ssl.mzstatic.com/image/thumb/Music125/v4/a3/95/ee/a395eea4-71b4-df6f-0d47-f305fd084563/191953142210.jpg/600x600bb-60.jpg,1589204991,사랑은 늘 도망가,임영웅,Love Always Run Away,Lim Young Woong,2733.6
128,사랑그게뭔데,지아,https://is1-ssl.mzstatic.com/image/thumb/Music126/v4/7f/d3/f1/7fd3f1e3-ff4d-e30f-d5c9-007e315d8c4a/191669000088.jpg/600x600bb-60.jpg,1262332747,사랑..그게 뭔데,yangpa,사랑..그게 뭔데,yangpa,1801.3
129,사랑할수밖에,볼빨간사춘기,https://is1-ssl.mzstatic.com/image/thumb/Music126/v4/d5/89/5d/d5895d26-d6ef-4908-83fb-26b71e8a90d8/191953322636.jpg/600x600bb-60.jpg,1720724479,사랑할 수밖에,볼빨간사춘기,Eternal love,BOL4,2379.5
130,stealtheshow,lauv,https://is1-ssl.mzstatic.com/image/thumb/Music116/v4/ea/93/b7/ea93b73e-a3d3-59d4-1edf-4c9678e78337/23UMGIM65662.rgb.jpg/600x600bb-60.jpg,1692393090,Steal The Show,Lauv,Steal The Show,Lauv,2048.5
131,해요,안녕,https://is1-ssl.mzstatic.com/image/thumb/Music122/v4/85/f6/e1/85f6e19f-0087-51da-b0d9-5769bac13d11/1._2022_cover.jpg/600x600bb-60.jpg,1627665647,해요 (2022),#안녕,Haeyo (2022),An Nyeong,1910.9
132,물론,허각,https://is1-ssl.mzstatic.com/image/thumb/Music116/v4/3a/7f/3d/3a7f3d84-6454-fd1d-80be-23720d5ffd68/191953280011.jpg/600x600bb-60.jpg,1684921446,물론,허각,With you,Huh Gak,2980.5
133,파이팅해야지,부석순,https://is1-ssl.mzstatic.com/image/thumb/Music123/v4/df/ec/37/dfec37b0-9c39-dfce-fefe-61cfd05e1680/196922266546_Cover.jpg/600x600bb-60.jpg,1668145595,파이팅 해야지 (feat. 이영지),부석순,Fighting (feat. Lee Young Ji),BSS,1675.3
134,shopper,아이유,https://is1-ssl.mzstatic.com/image/thumb/Music112/v4/3e/43/d2/3e43d2dc-acd4-5db6-9ae7-99299a044584/cover_KM0019422_1.jpg/600x600bb-60.jpg,1731352614,Shopper,아이유,Shopper,IU,2664.9
135,kitsch,아이브,https://is1-ssl.mzstatic.com/image/thumb/Music126/v4/99/bb/3a/99bb3a49-4014-db32-5d11-3825a289d9ed/cover_KM0017019_1.jpg/600x600bb-60.jpg,1678057487,Kitsch,아이브,Kitsch,IVE,3294.9
136,dynamite,방탄소년단,https://is1-ssl.mzstatic.com/image/thumb/Music126/v4/03/8d/0e/038d0e52-e96d-f386-b8eb-9f77fa013543/195497146918_Cover.jpg/600x600bb-60.jpg,1597024424,Dynamite,방탄소년단,Dynamite,BTS,1100.0
137,wayluv4,plave,,,wayluv4,plave,wayluv4,plave,990.0
138,봄이와도,로이킴,https://is1-ssl.mzstatic.com/image/thumb/Music126/v4/2b/5a/bf/2b5abf1b-0cf7-1234-bd71-2bf06f006ce9/888272127546_Cover.jpg/600x600bb-60.jpg,1721326838,봄이 와도,박종민 & 로이킴,WHEN SPRING COMES,Park Jong Min & Roy Kim,1015.5
139,다시만날수있을까,임영웅,https://is1-ssl.mzstatic.com/image/thumb/Music116/v4/d4/da/74/d4da74d7-1c79-e22f-027e-0bd9ed2220f2/8809856807540.jpg/600x600bb-60.jpg,1698694047,다시 만날 수 있을까,임영웅,If We Ever Meet Again,Lim Young Woong,1845.6
140,이제나만믿어요,임영웅,https://is1-ssl.mzstatic.com/image/thumb/Music115/v4/5f/4b/a9/5f4ba97c-1449-9392-988f-9b1acf24c1fb/cover_-_DS.jpg/600x600bb-60.jpg,1506119624,이제 나만 믿어요,임영웅,Trust in Me,Lim Young Woong,1828.3999999999999
141,내일에서기다릴게,투모로우바이투게더,https://is1-ssl.mzstatic.com/image/thumb/Music221/v4/ea/dc/5c/eadc5c54-4b8f-19f2-4c56-a2d2dfd46b54/196922909290_Cover.jpg/600x600bb-60.jpg,1738282885,내일에서 기다릴게,투모로우바이투게더,I’ll See You There Tomorrow,TOMORROW X TOGETHER,727.6
142,doordie,임영웅,https://is1-ssl.mzstatic.com/image/thumb/Music116/v4/cb/b6/43/cbb643ee-b162-acbf-8ca7-2491c6835be7/cover_KM0018409_1.jpg/600x600bb-60.jpg,1710695188,Do or Die,임영웅,Do or Die,Lim Young Woong,1705.8
143,standingnexttoyou,정국,https://is1-ssl.mzstatic.com/image/thumb/Music126/v4/86/78/b4/8678b4b3-2341-7239-b6cb-bcfdaef0e4e0/196922656545_Cover.jpg/600x600bb-60.jpg,1709554997,Standing Next to You,정국,Standing Next to You,Jung Kook,605.0
144,무지개,임영웅,https://is1-ssl.mzstatic.com/image/thumb/Music116/v4/d4/da/74/d4da74d7-1c79-e22f-027e-0bd9ed2220f2/8809856807540.jpg/600x600bb-60.jpg,1698694048,무지개,임영웅,Rainbow,Lim Young Woong,1532.8
145,슬픈초대장,순순희,,,슬픈초대장,순순희,슬픈초대장,순순희,1195.6999999999998
146,afterlike,아이브,https://is1-ssl.mzstatic.com/image/thumb/Music122/v4/f0/5f/11/f05f1119-8992-ba35-1e97-20213a637870/cover_KM0015998_1.jpg/600x600bb-60.jpg,1640202552,After LIKE,아이브,After LIKE,IVE,2949.6
147,londonboy,임영웅,https://is1-ssl.mzstatic.com/image/thumb/Music126/v4/58/91/3c/58913c27-116a-952d-eb15-93105125fbd1/8809912832806.jpg/600x600bb-60.jpg,1698688649,London Boy,임영웅,London Boy,Lim Young Woong,1139.8
148,별떨어진다,도경수,https://is1-ssl.mzstatic.com/image/thumb/Music126/v4/c9/9e/09/c99e09ab-9ed5-35d5-2910-f1e3733d5048/2_-_-s.jpg/600x600bb-60.jpg,1707120680,별 떨어진다,디오,I Do,D.O.,648.0
149,아버지,임영웅,https://is1-ssl.mzstatic.com/image/thumb/Music116/v4/d4/da/74/d4da74d7-1c79-e22f-027e-0bd9ed2220f2/8809856807540.jpg/600x600bb-60.jpg,1698694051,아버지,임영웅,Father,Lim Young Woong,1055.0
150,자꾸만웃게돼,부석순,https://is1-ssl.mzstatic.com/image/thumb/Music112/v4/6b/4d/a8/6b4da8c3-42c5-f80b-ccf3-1d48c01e1ca6/191953339016.jpg/600x600bb-60.jpg,1734562778,자꾸만 웃게 돼,부석순,The Reasons of My Smiles,BSS,1695.1
151,freak,우기아이들,https://is1-ssl.mzstatic.com/image/thumb/Music116/v4/ce/04/82/ce0482db-b035-5eed-ee2e-23999b4b2051/cover_KM0014878_1.jpg/600x600bb-60.jpg,1613139922,TOMBOY,(여자)아이들,TOMBOY,(G)I-DLE,989.0
152,wishyouhell,웬디,https://is1-ssl.mzstatic.com/image/thumb/Music112/v4/65/af/0b/65af0b05-1336-1491-7b20-d2d13afc7909/888735947094.png/600x600bb-60.jpg,1732986625,Wish You Hell,웬디,Wish You Hell,WENDY,540.5
153,obsessed,ayumuimazu,https://is1-ssl.mzstatic.com/image/thumb/Music126/v4/7a/ac/58/7aac586b-c2d9-af68-6655-31932d7437dc/5054197956737.jpg/600x600bb-60.jpg,1725119558,Obsessed,Ayumu Imazu,Obsessed,Ayumu Imazu,437.0
154,관객이될게,아이유,https://is1-ssl.mzstatic.com/image/thumb/Music112/v4/3e/43/d2/3e43d2dc-acd4-5db6-9ae7-99299a044584/cover_KM0019422_1.jpg/600x600bb-60.jpg,1731352618,관객이 될게,아이유,I stan U,IU,287.5
155,fallin,홍이삭,https://is1-ssl.mzstatic.com/image/thumb/Music211/v4/aa/15/21/aa1521f9-fdd0-f448-7270-8371e6dd3b2f/191953343365.jpg/600x600bb-60.jpg,1738210768,Fallin',홍이삭,Fallin',Isaac Hong,264.5
156,일기,김나영,https://is1-ssl.mzstatic.com/image/thumb/Music211/v4/08/ff/ec/08ffec54-deb0-8626-8ab8-754b0a5bd009/191953344676.jpg/600x600bb-60.jpg,1739563422,일기,김나영,From Bottom of My Heart,Kim Na Young,253.0
157,널제외한나의뇌,데이식스,https://is1-ssl.mzstatic.com/image/thumb/Music112/v4/42/fb/af/42fbaf16-efe2-4e1f-2e5e-bb42c2bdc281/DAY6_Fourever_Online_Cover.jpg/600x600bb-60.jpg,1731955740,널 제외한 나의 뇌 (Get The Hell Out),데이식스,Get The Hell Out,DAY6,241.5
158,건물사이에피어난장미,hkey1,https://is1-ssl.mzstatic.com/image/thumb/Music123/v4/64/c3/de/64c3de97-2049-06e5-9411-e0723a1d25b1/196589704559.jpg/600x600bb-60.jpg,1661207542,건물 사이에 피어난 장미,하이키,Rose Blossom,H1-KEY,1552.0
159,whenigetold,christopher,https://is1-ssl.mzstatic.com/image/thumb/Music122/v4/93/7b/ff/937bff2f-b36d-1ce0-c1b8-e39d00f862d0/5054197402555.jpg/600x600bb-60.jpg,1648482552,When I Get Old,Christopher & 청하,When I Get Old,Christopher & CHUNG HA,1376.6
160,byemymonster,온앤오프,https://is1-ssl.mzstatic.com/image/thumb/Music221/v4/7b/c2/5c/7bc25ce9-ad38-9490-0295-59427ca2ae90/cover_KM0019683_1.jpg/600x600bb-60.jpg,1738859115,Bye My Monster,온앤오프,Bye My Monster,ONF,184.0
161,그게너의사랑인지몰랐어,데이식스,https://is1-ssl.mzstatic.com/image/thumb/Music112/v4/42/fb/af/42fbaf16-efe2-4e1f-2e5e-bb42c2bdc281/DAY6_Fourever_Online_Cover.jpg/600x600bb-60.jpg,1731955743,그게 너의 사랑인지 몰랐어,데이식스,didn't know,DAY6,172.5
162,나만슬픈엔딩,데이식스,https://is1-ssl.mzstatic.com/image/thumb/Music112/v4/42/fb/af/42fbaf16-efe2-4e1f-2e5e-bb42c2bdc281/DAY6_Fourever_Online_Cover.jpg/600x600bb-60.jpg,1731955741,나만 슬픈 엔딩,데이식스,Sad Ending,DAY6,161.0
163,사랑하게해주라,데이식스,https://is1-ssl.mzstatic.com/image/thumb/Music112/v4/42/fb/af/42fbaf16-efe2-4e1f-2e5e-bb42c2bdc281/DAY6_Fourever_Online_Cover.jpg/600x600bb-60.jpg,1731955742,사랑하게 해주라,데이식스,Let Me Love You,DAY6,149.5
164,어른,sondia,https://is1-ssl.mzstatic.com/image/thumb/Music126/v4/79/64/fa/7964fac1-3951-8fce-5d4b-a876a9375f4e/8809603541734_Cover.jpg/600x600bb-60.jpg,1605767698,어른,Sondia,Grown Ups,Sondia,321.5
165,offtherecord,아이브,https://is1-ssl.mzstatic.com/image/thumb/Music126/v4/39/05/87/3905878f-c51a-ed15-d234-0d0a1bf85309/cover_KM0018202_1.jpg/600x600bb-60.jpg,1710307343,Off The Record,아이브,Off The Record,IVE,540.5
166,stay,thekidlaroi,https://is1-ssl.mzstatic.com/image/thumb/Music125/v4/e8/eb/cc/e8ebcc8d-6293-6e7f-7cc5-defa2bdbd4bd/886449399895.jpg/600x600bb-60.jpg,1574378625,STAY,The Kid LAROI & Justin Bieber,STAY,The Kid LAROI & Justin Bieber,1054.8999999999999
167,봄사랑벚꽃말고,하이포,https://is1-ssl.mzstatic.com/image/thumb/Music113/v4/2b/05/05/2b05059e-1049-5c05-1717-f76e7e5ff24f/cover_KM0002902_1.jpg/600x600bb-60.jpg,913030426,봄 사랑 벚꽃 말고,하이포,"Not Spring, Love, or Cherry Blossoms",HIGH4,483.0
168,thepoweroflove,데이식스,https://is1-ssl.mzstatic.com/image/thumb/Music112/v4/42/fb/af/42fbaf16-efe2-4e1f-2e5e-bb42c2bdc281/DAY6_Fourever_Online_Cover.jpg/600x600bb-60.jpg,1731955739,The Power of Love,데이식스,The Power of Love,DAY6,11.5
169,영원,dk,https://is1-ssl.mzstatic.com/image/thumb/Music221/v4/22/14/b1/2214b1e1-ce5c-46c1-4c8a-603734633985/cover_KM0019638_1.jpg/600x600bb-60.jpg,1736653667,영원,디케이,Eternity,December DK,984.6999999999999
170,2002,annemarie,https://is1-ssl.mzstatic.com/image/thumb/Music125/v4/c1/5d/9b/c15d9bc5-4181-9874-d65b-7741203ccad6/190295567279.jpg/600x600bb-60.jpg,1418704730,2002,Anne-Marie,2002,Anne-Marie,618.3
171,흔들리는꽃들속에서네샴푸향이느껴진거야,장범준,https://is1-ssl.mzstatic.com/image/thumb/Music112/v4/23/52/f0/2352f0b6-f110-d9e0-03fe-d9e2a27462d2/8809658317803_Cover.jpg/600x600bb-60.jpg,1645250529,흔들리는 꽃들 속에서 네 샴푸향이 느껴진거야,장범준,Your Shampoo Scent In the Flowers,Jang Beom June,572.5
172,smoke,다이나믹듀오,https://is1-ssl.mzstatic.com/image/thumb/Music116/v4/94/7a/00/947a0047-96bf-a1d9-1f6e-51b4efe8ae3c/8809704426992_Cover.jpg/600x600bb-60.jpg,1704955724,Smoke,다이나믹 듀오 & 이영지,Smoke,Dynamicduo & Lee Young Ji,549.5999999999999
173,고장난걸까,cm10,https://is1-ssl.mzstatic.com/image/thumb/Music221/v4/a3/64/22/a36422c7-8464-2df8-a6ca-6b4850275acc/191953340708.jpg/600x600bb-60.jpg,1735715304,고장난걸까,10CM,Tell Me It's Not a Dream,10CM,1448.0
174,희재,성시경,https://is1-ssl.mzstatic.com/image/thumb/Music124/v4/83/79/01/837901da-4013-6375-dfc8-f20009b58d05/KO0009172.jpg/600x600bb-60.jpg,1546593996,희재,성시경,Heejae,Sung Si Kyung,705.4
175,thedrum,alanwalker,https://is1-ssl.mzstatic.com/image/thumb/Music126/v4/6a/ee/ad/6aeead9c-c343-10e5-7ebc-1e48539de43a/196589078735.jpg/600x600bb-60.jpg,1619298754,The Drum,Alan Walker,The Drum,Alan Walker,458.0
176,thatshilarious,charlieputh,https://is1-ssl.mzstatic.com/image/thumb/Music122/v4/7e/5f/22/7e5f2239-6143-7cf4-dfe1-d9b53d47c4c0/075679736307.jpg/600x600bb-60.jpg,1633318546,That's Hilarious,Charlie Puth,That's Hilarious,Charlie Puth,412.2
177,그라데이션,cm10,https://is1-ssl.mzstatic.com/image/thumb/Music122/v4/c6/8a/74/c68a7489-f22b-a65e-34c8-764f03d7e000/cover_KM0015646_1.jpg/600x600bb-60.jpg,1632365364,그라데이션,10CM,Gradation,10CM,343.5
178,신호등,이무진,https://is1-ssl.mzstatic.com/image/thumb/Music115/v4/1b/d7/a3/1bd7a3bb-7c77-7a72-dd2e-dfb614c60182/cover-_ONLINE_COVER_0506.jpg/600x600bb-60.jpg,1567544638,신호등,이무진,Traffic Light,Lee Mujin,251.89999999999998
179,offmyface,justinbieber,https://is1-ssl.mzstatic.com/image/thumb/Music115/v4/21/09/f4/2109f4a0-3700-93b3-c678-fd98b2762098/21UMGIM20642.rgb.jpg/600x600bb-60.jpg,1561058297,Off My Face,Justin Bieber,Off My Face,Justin Bieber,206.1
180,tomboy,아이들,https://is1-ssl.mzstatic.com/image/thumb/Music124/v4/20/de/43/20de43fe-733e-3734-cab9-7bd787411260/Cover_HYUKOH_23.jpg/600x600bb-60.jpg,1450778317,TOMBOY,혁오,TOMBOY,HYUKOH,183.2
181,나의에게,경서,https://is1-ssl.mzstatic.com/image/thumb/Music122/v4/76/56/b9/7656b942-95f7-acaa-1a0e-e1c24730ceec/cover_KM0015153_1.jpg/600x600bb-60.jpg,1620807860,나의 X에게,경서,Dear my X,KyoungSeo,355.9
182,봄여름가을겨울,bigbang,https://is1-ssl.mzstatic.com/image/thumb/Music122/v4/f6/67/3a/f6673a7c-e2bc-8084-f8b6-523cad1ab277/BIGBANG_Still_Life.jpg/600x600bb-60.jpg,1616762366,봄여름가을겨울 (Still Life),BIGBANG,Still Life,BIGBANG,68.69999999999999
183,monologue,테이,https://is1-ssl.mzstatic.com/image/thumb/Music122/v4/56/4e/65/564e658d-922b-650d-fb7f-5ed3fe46c7c5/8804775277535.jpg/600x600bb-60.jpg,1645815509,Monologue,테이,Monologue,Tei,91.9
184,polaroid,임영웅,https://is1-ssl.mzstatic.com/image/thumb/Music126/v4/58/91/3c/58913c27-116a-952d-eb15-93105125fbd1/8809912832806.jpg/600x600bb-60.jpg,1698688651,Polaroid,임영웅,Polaroid,Lim Young Woong,932.4
185,인생찬가,임영웅,https://is1-ssl.mzstatic.com/image/thumb/Music116/v4/d4/da/74/d4da74d7-1c79-e22f-027e-0bd9ed2220f2/8809856807540.jpg/600x600bb-60.jpg,1698694059,인생찬가,임영웅,A Psalm of Life,Lim Young Woong,907.1999999999999
186,abientot,임영웅,https://is1-ssl.mzstatic.com/image/thumb/Music116/v4/d4/da/74/d4da74d7-1c79-e22f-027e-0bd9ed2220f2/8809856807540.jpg/600x600bb-60.jpg,1698694052,A bientot,임영웅,A bientot,Lim Young Woong,882.0
187,연애편지,임영웅,https://is1-ssl.mzstatic.com/image/thumb/Music116/v4/d4/da/74/d4da74d7-1c79-e22f-027e-0bd9ed2220f2/8809856807540.jpg/600x600bb-60.jpg,1698694056,연애편지,임영웅,Love Letter,Lim Young Woong,869.4
188,그중에그대를만나,김호중,https://is1-ssl.mzstatic.com/image/thumb/Music122/v4/10/91/53/10915329-92fd-430c-b0fb-73b21b2ad726/cover_KM0016143_1.jpg/600x600bb-60.jpg,1646909259,그중에 그대를 만나,김호중,meet you among them,Hojoong Kim,516.6
189,그대떠나도,김호중,https://is1-ssl.mzstatic.com/image/thumb/Music211/v4/ab/62/81/ab6281c1-8116-86f7-0e1e-4c3959f754aa/cover_KM0019707_1.jpg/600x600bb-60.jpg,1739255839,그대... 떠나도,김호중,If I leave,KIM HOJOONG,365.4
190,빛이나는사람,김호중,https://is1-ssl.mzstatic.com/image/thumb/Music126/v4/40/70/f3/4070f30f-a58a-25aa-1065-c7fd3f790fe1/8809887701367.jpg/600x600bb-60.jpg,1698679392,고맙소 (Orchestra Version),김호중,Thank you (Orchestra Version),KIM HOJOONG,340.2
191,쏜살,김호중,https://is1-ssl.mzstatic.com/image/thumb/Music211/v4/ab/62/81/ab6281c1-8116-86f7-0e1e-4c3959f754aa/cover_KM0019707_1.jpg/600x600bb-60.jpg,1739255853,쏜살,김호중,Time Flies,KIM HOJOONG,315.0
192,함께가줄래,김호중,https://is1-ssl.mzstatic.com/image/thumb/Music211/v4/ab/62/81/ab6281c1-8116-86f7-0e1e-4c3959f754aa/cover_KM0019707_1.jpg/600x600bb-60.jpg,1739255850,함께 가 줄래,김호중,Come with me,KIM HOJOONG,289.8
193,바람이부는날엔,김호중,https://is1-ssl.mzstatic.com/image/thumb/Music211/v4/ab/62/81/ab6281c1-8116-86f7-0e1e-4c3959f754aa/cover_KM0019707_1.jpg/600x600bb-60.jpg,1739255848,바람이 부는 날엔,김호중,Windy day,KIM HOJOONG,252.0
194,결국엔당신입니다,김호중,https://is1-ssl.mzstatic.com/image/thumb/Music221/v4/aa/b0/4f/aab04f36-3df8-fa25-04de-85b7f556f61a/cover_KM0019754_1.jpg/600x600bb-60.jpg,1741269114,결국엔 당신입니다,김호중,In the end it's you,KIM HOJOONG,239.4
195,봄날에,김호중,https://is1-ssl.mzstatic.com/image/thumb/Music211/v4/ab/62/81/ab6281c1-8116-86f7-0e1e-4c3959f754aa/cover_KM0019707_1.jpg/600x600bb-60.jpg,1739255845,봄날에,김호중,On springtime,KIM HOJOONG,226.79999999999998
196,별헤는밤,김호중,https://is1-ssl.mzstatic.com/image/thumb/Music211/v4/ab/62/81/ab6281c1-8116-86f7-0e1e-4c3959f754aa/cover_KM0019707_1.jpg/600x600bb-60.jpg,1739255855,별 헤는 밤,김호중,Starry night,KIM HOJOONG,214.2
197,위대한사랑,김호중,https://is1-ssl.mzstatic.com/image/thumb/Music114/v4/a8/0d/f7/a80df7e5-f850-45d2-db05-c99d56196389/190295049942.jpg/600x600bb-60.jpg,1544180819,위대한 사랑,김호중,Un Amore Cosi Grande,KIM HOJOONG,100.8
198,잠시라도우리,성시경,https://is1-ssl.mzstatic.com/image/thumb/Music116/v4/e8/72/34/e8723453-c674-3f52-0df5-3d659d191ea9/cover_KM0018807_1.jpg/600x600bb-60.jpg,1712044358,잠시라도 우리,성시경 & 나얼,Even for a moment,Sung Si Kyung & NAUL,598.0
199,드라마,아이유,https://is1-ssl.mzstatic.com/image/thumb/Music126/v4/b6/d7/03/b6d70395-380c-42b1-6cab-04d51c1c4d9d/cover_KM0014526_1.jpg/600x600bb-60.jpg,1602185214,드라마,아이유,Drama,IU,333.5
200,사실말야내가말야그게그러니까말이야,케이시,https://is1-ssl.mzstatic.com/image/thumb/Music126/v4/f7/55/80/f75580df-4175-0809-7246-eee83537ec1e/cover_KM0017672_1.jpg/600x600bb-60.jpg,1691025626,사실말야내가말야그게그러니까말이야,케이시,Crush on you,Kassy,322.0
201,첫눈처럼너에게가겠다,에일리,https://is1-ssl.mzstatic.com/image/thumb/Music115/v4/3f/3d/d0/3f3dd00d-4bd1-8e71-1300-9387c7a319d3/8809534461859_Cover.jpg/600x600bb-60.jpg,1569425907,첫눈처럼 너에게 가겠다,에일리,I Will Go To You Like the First Snow,Ailee,299.0
202,밤하늘의별을,경서,https://is1-ssl.mzstatic.com/image/thumb/Music114/v4/f4/cb/30/f4cb3048-e31a-eca1-4912-827df590bf15/dj.wklznqqa.jpg/600x600bb-60.jpg,1540528994,밤하늘의 별을 (2020),경서,Shiny Star (2020),KyoungSeo,287.5
203,밤새,beo,https://is1-ssl.mzstatic.com/image/thumb/Music221/v4/71/99/e2/7199e2c9-aa8f-12f1-91de-5a4009cf7c5d/cover_KM0019747_1.jpg/600x600bb-60.jpg,1741511037,밤새,비오,밤새,BE'O,241.5
204,나에게그대만이,탑현,https://is1-ssl.mzstatic.com/image/thumb/Music126/v4/24/71/69/24716911-caa3-269e-e31d-ec3fe4a905f4/cover_KM0017701_1.jpg/600x600bb-60.jpg,1692118573,나에게 그대만이,탑현,Only you,TopHyun,230.0
205,벚꽃엔딩,버스커버스커,https://is1-ssl.mzstatic.com/image/thumb/Music115/v4/43/d8/6f/43d86fe5-632a-8226-be7c-7b5dee99a461/08809309174588_Cover.jpg/600x600bb-60.jpg,1570572282,벚꽃 엔딩,버스커버스커,Cherry Blossom Ending,Busker Busker,207.0
206,기억해줘요내모든날과그때를,화곡동청개구리,https://is1-ssl.mzstatic.com/image/thumb/Music126/v4/71/ac/70/71ac702a-7bb0-7475-0292-b8bb0e74f2cc/cover_KM0019381_1.jpg/600x600bb-60.jpg,1725426356,기억해줘요 내 모든 날과 그때를,화곡동 청개구리,Remember Me,Hwagok-dong green frog,184.0
207,밤편지,아이유,https://is1-ssl.mzstatic.com/image/thumb/Music112/v4/3e/43/d2/3e43d2dc-acd4-5db6-9ae7-99299a044584/cover_KM0019422_1.jpg/600x600bb-60.jpg,1731352617,Love wins all,아이유,Love wins all,IU,172.5
208,bubble,stayc,https://is1-ssl.mzstatic.com/image/thumb/Music116/v4/c6/fa/fa/c6fafa66-b751-661b-3819-4bf77608b690/cover_KM0017996_1.jpg/600x600bb-60.jpg,1701915216,Bubble,STAYC,Bubble,STAYC,138.0
209,fastforward,전소미,https://is1-ssl.mzstatic.com/image/thumb/Music126/v4/c2/5a/b0/c25ab0ea-d78b-366e-e66e-be7b6e00a22c/dj.amuopuyj.jpg/600x600bb-60.jpg,1701043150,Fast Forward,전소미,Fast Forward,JEON SOMI,126.5
210,입술,헤이즈,https://is1-ssl.mzstatic.com/image/thumb/Music126/v4/2d/82/38/2d82389f-789c-7a80-c64a-1d6a583f7b33/888272126969_Cover.jpg/600x600bb-60.jpg,1719565532,입술 (feat. 10cm),헤이즈,Stranger (feat. 10cm),HEIZE,115.0
211,음악의신,세븐틴,https://is1-ssl.mzstatic.com/image/thumb/Music211/v4/f0/69/16/f0691679-835f-8b9b-5baa-292b7e49423f/196922894992_Cover.jpg/600x600bb-60.jpg,1741448362,음악의 신,세븐틴,God of Music,SEVENTEEN,57.5
212,smoke,variousartists,https://is1-ssl.mzstatic.com/image/thumb/Music126/v4/ca/fd/07/cafd07da-7e6d-c2f6-2c8a-7954bf68f785/Various_Artists_HIPHOP_ANTHEM_2023.jpg/600x600bb-60.jpg,1701963636,HIPHOP ANTHEM 2023,Various Artists,HIPHOP ANTHEM 2023,Various Artists,34.5
213,iloveyou,안세하,https://is1-ssl.mzstatic.com/image/thumb/Music114/v4/ed/de/b4/eddeb45c-a95f-1830-a8b5-bfc8da0b2b74/8806197916559.jpg/600x600bb-60.jpg,1448968765,I Love You,포지션,I Love You,Position,23.0
